{"cameraMode":{"drawMode":0,"name":"Shaded","section":"Shading Mode"},"sceneLighting":false,"audioPlay":false,"sceneViewState":{"showFog":false,"showMaterialUpdate":false,"showSkybox":false,"showFlares":false,"showImageEffects":false,"showParticleSystems":false},"in2DMode":false,"pivot":{"x":-6.460033893585205,"y":-11.186393737792969,"z":-1.6837348937988282},"rotation":{"x":-0.08848119527101517,"y":0.9035170674324036,"z":-0.3528437316417694,"w":-0.22657091915607453},"size":19.726293563842775,"orthographic":false}